dinner_price,lunch_price,name,price_lists,profile_url,rating,tables_max,tables_min,tables_range
$1484–$1484Mon - Sun,$1484–$1484Mon - Sun,Aloft Singapore Novena,,https://www.blissfulbrides.sg/detail/59/aloft-singapore-novena,5,26,10,10 - 26Mon - Sun
$2144–$2144Mon - Thu$2623–$2623Friday$2743–$2743Saturday$2623–$2623Sunday,$2144–$2144Mon - Thu$2264–$2264Fri - Sun,Amara Sanctuary Resort Sentosa,,https://www.blissfulbrides.sg/detail/358/amara-sanctuary-resort-sentosa,5,40,15,15 - 40Mon - Sun
$$1888 ++Mon - Fri$$2388 ++Sat - Sun$$2688 ++Sat - Sun$$2788 ++Sat - Sun,$$1888 ++Mon - Fri$$2188 ++Sat - Sun$$2388 ++Sat - Sun,Amara Singapore,"[""https://www.blissfulbrides.sg/banquet/amara-singapore/wedding-banquet-price-list/asin-love-always-wedding-packages-2025.pdf""]",https://www.blissfulbrides.sg/detail/492/amara-singapore,5,40,15,15 - 40Mon - Sun
$638–$1238Mon - Thu$988–$1588Fri - Sun,$638–$1238Mon - Thu$988–$1588Fri - Sun,Ban Heng Restaurant @ Orchid Country Club,"[""https://www.blissfulbrides.sg/banquet/ban-heng-restaurant-orchid-country-club-/wedding-banquet-price-list/wedding-package-ban-heng-group-of-restaurants.pdf""]",https://www.blissfulbrides.sg/detail/257/ban-heng-restaurant-orchid-country-club-,5,40,15,15 - 40Mon - Sun
$1808–$1928Mon - Sun,$1568–$1928Mon - Sun,Carlton Hotel Singapore,"[""https://www.blissfulbrides.sg/banquet/carlton-hotel-singapore/wedding-banquet-price-list/wedding-package-2025-september-december-.pdf"", ""https://www.blissfulbrides.sg/banquet/carlton-hotel-singapore/wedding-banquet-price-list/wedding-package-2026.pdf""]",https://www.blissfulbrides.sg/detail/1198/carlton-hotel-singapore,0,32,10,10 - 32Mon - Sun
"$$1,188++Mon - Thu$$1,388++Fri - Sun","$$1,188++Mon - Sun",Changi Cove Singapore,"[""https://www.blissfulbrides.sg/banquet/changi-cove-singapore/wedding-banquet-price-list/changi-cove-wedding-package-chinese-western-package-2024-_2025.pdf"", ""https://www.blissfulbrides.sg/banquet/changi-cove-singapore/wedding-banquet-price-list/changi-cove-wedding-package-indian-set-and-buffet-package-2024_2025.pdf"", ""https://www.blissfulbrides.sg/banquet/changi-cove-singapore/wedding-banquet-price-list/changi-cove-wedding-package-muslim-set-and-buffet-package-2024-2025.pdf"", ""https://www.blissfulbrides.sg/banquet/changi-cove-singapore/wedding-banquet-price-list/changi-cove-intimate-wedding-package_2024_2025.pdf"", ""https://www.blissfulbrides.sg/banquet/changi-cove-singapore/wedding-banquet-price-list/changi-cove-solemnisation-package_2024_2025.pdf""]",https://www.blissfulbrides.sg/detail/1084/changi-cove-singapore,0,22,13,13 - 22Mon - Sun
$1078–$2037Mon - Sun,$1078–$2037Mon - Sun,Chui Huay Lim Teochew Cuisine,"[""https://www.blissfulbrides.sg/banquet/chui-huay-lim-teochew-cuisine/wedding-banquet-price-list/wedding-brochure-2025-2026.pdf"", ""https://www.blissfulbrides.sg/banquet/chui-huay-lim-teochew-cuisine/wedding-banquet-price-list/solemnisation-brochure-2025-2026.pdf""]",https://www.blissfulbrides.sg/detail/1249/chui-huay-lim-teochew-cuisine,0,40,10,10 - 40Mon - Sun
$1598++Mon - Sun,$1398++Mon - Sun,Concorde Hotel Singapore,,https://www.blissfulbrides.sg/detail/500/concorde-hotel-singapore,5,45,10,10 - 45Mon - Sun
$2599Mon - Fri$2839Saturday$2599Sunday,$2480Mon - Sun,Conrad Singapore Marina Bay,"[""https://www.blissfulbrides.sg/banquet/conrad-singapore-marina-bay/wedding-banquet-price-list/csmb-grand-ballroom-packages-until-jun-2026-.pdf"", ""https://www.blissfulbrides.sg/banquet/conrad-singapore-marina-bay/wedding-banquet-price-list/csmb-grand-ballroom-packages-jul-2026-jun-2027-.pdf"", ""https://www.blissfulbrides.sg/banquet/conrad-singapore-marina-bay/wedding-banquet-price-list/csmb-the-pavilion-packages-until-jun-2026-.pdf"", ""https://www.blissfulbrides.sg/banquet/conrad-singapore-marina-bay/wedding-banquet-price-list/csmb-the-pavilion-packages-jul-2026-jun-2027-.pdf""]",https://www.blissfulbrides.sg/detail/1387/conrad-singapore-marina-bay,0,40,10,10 - 40Mon - Sun
$1664–$1664Mon - Thu$1784–$1784Fri - Sun,$1364–$1364Mon - Thu$1664–$1664Fri - Sun,Copthorne King's Hotel,"[""https://www.blissfulbrides.sg/banquet/copthorne-king-s-hotel/wedding-banquet-price-list/wedding-packages-2024.pdf""]",https://www.blissfulbrides.sg/detail/53/copthorne-king-s-hotel,5,30,15,15 - 30Mon - Sun
$2024–$2254Mon - Thu$2024–$2254Friday$2144–$2254Sat - Sun,$2024–$2254Mon - Sun,Crowne Plaza Changi Airport,"[""https://www.blissfulbrides.sg/banquet/crowne-plaza-changi-airport/wedding-banquet-price-list/2025-wedding-package-chengal-ballroom-and-camilla-room-.pdf"", ""https://www.blissfulbrides.sg/banquet/crowne-plaza-changi-airport/wedding-banquet-price-list/2026-wedding-package-chengal-ballroom-and-camilla-room-.pdf""]",https://www.blissfulbrides.sg/detail/357/crowne-plaza-changi-airport,5,30,18,18 - 30Mon - Sun
$1460 - $2088Mon - Sun,$1460 - $2088Mon - Sun,Dusit Thani Laguna Singapore,"[""https://www.blissfulbrides.sg/banquet/dusit-thani-laguna-singapore/wedding-banquet-price-list/dusit-thani-laguna-singapore-property-fact-sheet_jun-2025.pdf""]",https://www.blissfulbrides.sg/detail/810/dusit-thani-laguna-singapore,5,38,3,3 - 38Mon - Sun
$2312–$2743Mon - Sun,$2192–$2384Mon - Sun,Fairmont Singapore & Swissôtel The Stamford,"[""https://www.blissfulbrides.sg/banquet/fairmont-singapore-swiss-tel-the-stamford/wedding-banquet-price-list/skai-suites-wedding-2024.pdf"", ""https://www.blissfulbrides.sg/banquet/fairmont-singapore-swiss-tel-the-stamford/wedding-banquet-price-list/rccc-wedding-2024.pdf"", ""https://www.blissfulbrides.sg/banquet/fairmont-singapore-swiss-tel-the-stamford/wedding-banquet-price-list/skai-suites-wedding-2025.pdf"", ""https://www.blissfulbrides.sg/banquet/fairmont-singapore-swiss-tel-the-stamford/wedding-banquet-price-list/rccc-wedding-2025.pdf""]",https://www.blissfulbrides.sg/detail/390/fairmont-singapore-swiss--tel-the-stamford,5,150,12,12 - 150Mon - Sun
$158++ per personMon - Sun,$108++ per personMon - Sun,Forlino,"[""https://www.blissfulbrides.sg/banquet/forlino/wedding-banquet-price-list/forlino-wine-bar-list.pdf"", ""https://www.blissfulbrides.sg/banquet/forlino/wedding-banquet-price-list/forlino-wedding-kit.pdf"", ""https://www.blissfulbrides.sg/banquet/forlino/wedding-banquet-price-list/forlino-set-menu.pdf"", ""https://www.blissfulbrides.sg/banquet/forlino/wedding-banquet-price-list/forlino-venue-kit.pdf""]",https://www.blissfulbrides.sg/detail/108/forlino,5,9,5,5 - 9Mon - Sun
$1724–$1844Mon - Thu$1664–$1904Fri - Sun,$1604–$1844Mon - Thu$1664–$1904Fri - Sun,"Four Points by Sheraton Singapore, Riverview","[""https://www.blissfulbrides.sg/banquet/four-points-by-sheraton-singapore-riverview/wedding-banquet-price-list/wedding-brochure-2025-26.pdf""]",https://www.blissfulbrides.sg/detail/190/four-points-by-sheraton-singapore--riverview,5,25,6,6 - 25Mon - Sun
$947-$1541Mon - Thu$1022-$1616Fri - Sun,$947-$1541Mon - Thu$1022-$1616Fri - Sun,Fu Lin Men,"[""https://www.blissfulbrides.sg/banquet/fu-lin-men/wedding-banquet-price-list/queens-nsrcc-promo-1-.pdf"", ""https://www.blissfulbrides.sg/banquet/fu-lin-men/wedding-banquet-price-list/hotel-re-src-csc-promo-1-.pdf""]",https://www.blissfulbrides.sg/detail/612/fu-lin-men,4.8,36,15,15 - 36Mon - Sun
$1544–$1544Mon - Fri$$1568–$1568Saturday$$1544–$1544Sunday,$1448–$1448Mon - Sun,"Furama City Centre, Singapore",,https://www.blissfulbrides.sg/detail/392/furama-city-centre--singapore,5,50,14,14 - 50Mon - Sun
$1506 - $1661 ++Sun - Fri$1530 - 1744 ++Saturday$1506 - 1661 ++Sunday,$1388 - $1578 ++Mon - Sun,Furama RiverFront,"[""https://www.blissfulbrides.sg/banquet/furama-riverfront/wedding-banquet-price-list/wedding-show-frf_2022.pdf"", ""https://www.blissfulbrides.sg/banquet/furama-riverfront/wedding-banquet-price-list/frf_wedding-show_limited-time-offer2.pdf"", ""https://www.blissfulbrides.sg/banquet/furama-riverfront/wedding-banquet-price-list/promotion-chinese-wedding-package-2021-frf-.pdf"", ""https://www.blissfulbrides.sg/banquet/furama-riverfront/wedding-banquet-price-list/furama-riverfront-solemnisation-package-2021-2022.pdf""]",https://www.blissfulbrides.sg/detail/402/furama-riverfront,5,55,10,10 - 55Mon - Sun
$1424–$1424Mon - Thu$1544–$1544Fri - Sun,$1424–$1424Mon - Thu$1544–$1544Fri - Sun,Genting Hotel Jurong,"[""https://www.blissfulbrides.sg/banquet/genting-hotel-jurong/wedding-banquet-price-list/wedding-packages-2023-2024.pdf""]",https://www.blissfulbrides.sg/detail/520/genting-hotel-jurong,5,33,15,15 - 33Mon - Sun
$2168–$2288Mon - Thu$2288–$2743Fri - Sun,$2168–$2288Mon - Sun,Grand Copthorne Waterfront Hotel Singapore,"[""https://www.blissfulbrides.sg/banquet/grand-copthorne-waterfront-hotel/wedding-banquet-price-list/intimate-wedding-2024.pdf"", ""https://www.blissfulbrides.sg/banquet/grand-copthorne-waterfront-hotel/wedding-banquet-price-list/wedding-package-2024.pdf"", ""https://www.blissfulbrides.sg/banquet/grand-copthorne-waterfront-hotel-singapore/wedding-banquet-price-list/grand-copthorne-waterfront-hotel-intimate-wedding-packages-2025.pdf"", ""https://www.blissfulbrides.sg/banquet/grand-copthorne-waterfront-hotel-singapore/wedding-banquet-price-list/grand-copthorne-waterfront-hotel-singapore-main-wedding-packages-2025.pdf""]",https://www.blissfulbrides.sg/detail/54/grand-copthorne-waterfront-hotel-singapore,5,65,10,10 - 65Mon - Sun
$1894–$2134Mon - Sun,$1894–$2134Mon - Sun,Grand Park City Hall,"[""https://www.blissfulbrides.sg/banquet/grand-park-city-hall/wedding-banquet-price-list/gpch-suite-solemnisation-package-2025.pdf"", ""https://www.blissfulbrides.sg/banquet/grand-park-city-hall/wedding-banquet-price-list/grand-park-city-hall-wedding-package-2025.pdf""]",https://www.blissfulbrides.sg/detail/1170/grand-park-city-hall,0,9,3,3 - 9Mon - Sun
$2024–$2024Mon - Sun,$2384–$2384Mon - Sun,Hilton Singapore Orchard,"[""https://www.blissfulbrides.sg/banquet/hilton-singapore-orchard/wedding-banquet-price-list/hilton-singapore-orchard-2025-2026-the-manor-weddings-packages.pdf"", ""https://www.blissfulbrides.sg/banquet/hilton-singapore-orchard/wedding-banquet-price-list/hilton-singapore-orchard-2025-2026-weddings-packages.pdf"", ""https://www.blissfulbrides.sg/banquet/hilton-singapore-orchard/wedding-banquet-price-list/hilton-singapore-orchard-solemnisation-2025-2026.pdf""]",https://www.blissfulbrides.sg/detail/1196/hilton-singapore-orchard,0,80,12,12 - 80Mon - Sun
$1065–$1065Mon - Fri$1305–$1305Sat - Sun,$1065–$1065Mon - Sun,Holiday Inn Express - Suites Singapore Novena,"[""https://www.blissfulbrides.sg/banquet//wedding-banquet-price-list/sinov-wedding-brochure-2024.pdf"", ""https://www.blissfulbrides.sg/banquet/holiday-inn-express-suites-singapore-novena/wedding-banquet-price-list/holiday-inn-express-suites-singapore-novena-promotion-2024-888-wedding-menu.pdf"", ""https://www.blissfulbrides.sg/banquet/holiday-inn-express-suites-singapore-novena/wedding-banquet-price-list/holiday-inn-express-suites-singapore-novena-promotion-2024-2024-1088-wedding-menu.pdf""]",https://www.blissfulbrides.sg/detail/1212/holiday-inn-express-suites-singapore-novena,0,16,10,10 - 16Mon - Sun
$1638++Mon - Fri$1838++Sat - Sun,$1638++Mon - Sun,Holiday Inn Singapore Atrium,"[""https://www.blissfulbrides.sg/banquet/holiday-inn-singapore-atrium/wedding-banquet-price-list/solemnisation-brochure-2025-2026-with-menu-.pdf"", ""https://www.blissfulbrides.sg/banquet/holiday-inn-singapore-atrium/wedding-banquet-price-list/malay-wedding-package-2025-2026.pdf"", ""https://www.blissfulbrides.sg/banquet/holiday-inn-singapore-atrium/wedding-banquet-price-list/indian-wedding-package-2025-2026.pdf"", ""https://www.blissfulbrides.sg/banquet/holiday-inn-singapore-atrium/wedding-banquet-price-list/chinese-wedding-package-2025-2026.pdf"", ""https://www.blissfulbrides.sg/banquet/holiday-inn-singapore-atrium/wedding-banquet-price-list/wedding-brochure-2025-2026-2027.pdf""]",https://www.blissfulbrides.sg/detail/575/holiday-inn-singapore-atrium,0,40,12,12 - 40Mon - Sun
$1438++Mon - Fri$1588 ++Sat - Sun,$1438++Mon - Sun,Holiday Inn Singapore Orchard City Centre,"[""https://www.blissfulbrides.sg/banquet/holiday-inn-singapore-orchard-city-centre/wedding-banquet-price-list/stay-joyful-wedding-package-2025.pdf"", ""https://www.blissfulbrides.sg/banquet/holiday-inn-singapore-orchard-city-centre/wedding-banquet-price-list/stay-truly-indian-wedding-package-2025.pdf"", ""https://www.blissfulbrides.sg/banquet/holiday-inn-singapore-orchard-city-centre/wedding-banquet-price-list/stay-blissful-wedding-package-2025.pdf"", ""https://www.blissfulbrides.sg/banquet/holiday-inn-singapore-orchard-city-centre/wedding-banquet-price-list/stay-truly-indian-wedding-package-2026.pdf"", ""https://www.blissfulbrides.sg/banquet/holiday-inn-singapore-orchard-city-centre/wedding-banquet-price-list/stay-blissful-wedding-package-2026.pdf"", ""https://www.blissfulbrides.sg/banquet/holiday-inn-singapore-orchard-city-centre/wedding-banquet-price-list/stay-joyful_wedding-package-2026.pdf""]",https://www.blissfulbrides.sg/detail/333/holiday-inn-singapore-orchard-city-centre,5,35,10,10 - 35Mon - Sun
$2014–$2134Mon - Sun,$1775–$1894Mon - Sun,Hotel Fort Canning,,https://www.blissfulbrides.sg/detail/794/hotel-fort-canning,0,46,5,5 - 46Mon - Sun
$2014++Mon - Thu$2374++Friday$2863++Saturday$2623++Sunday,$2014++Mon - Fri$2623++Sat - Sun,InterContinental® Singapore,"[""https://www.blissfulbrides.sg/banquet/intercontinental-singapore/wedding-banquet-price-list/intercontinental-singapore-2025-solemnisation-at-the-library_updated.pdf"", ""https://www.blissfulbrides.sg/banquet/intercontinental-singapore/wedding-banquet-price-list/intercontinental-singapore-2025-boutique-wedding-at-bras-basah_updated.pdf"", ""https://www.blissfulbrides.sg/banquet/intercontinental-singapore/wedding-banquet-price-list/intercontinental-singapore-2025-saturday-dinner-package-oct-dec-25-_updated.pdf"", ""https://www.blissfulbrides.sg/banquet/intercontinental-singapore/wedding-banquet-price-list/intercontinental-singapore-2025-solemnisation-dinner-at-presidential-suite.pdf"", ""https://www.blissfulbrides.sg/banquet/intercontinental-singapore/wedding-banquet-price-list/intercontinental-singapore-the-vault-wedding-package-july-2024-to-june-2025-.pdf"", ""https://www.blissfulbrides.sg/banquet/intercontinental-singapore/wedding-banquet-price-list/intercontinental-singapore-2025-weekend-lunch-package-jan-dec-25-_updated.pdf"", ""https://www.blissfulbrides.sg/banquet/intercontinental-singapore/wedding-banquet-price-list/intercontinental-singapore-2025-friday-dinner-package-jan-dec-25-_updated.pdf"", ""https://www.blissfulbrides.sg/banquet/intercontinental-singapore/wedding-banquet-price-list/intercontinental-singapore-2025-sunday-dinner-package-jan-dec-25-_updated.pdf"", ""https://www.blissfulbrides.sg/banquet/intercontinental-singapore/wedding-banquet-price-list/intercontinental-singapore-2025-saturday-dinner-package-jan-sep-25-_updated.pdf"", ""https://www.blissfulbrides.sg/banquet/intercontinental-singapore/wedding-banquet-price-list/intercontinental-singapore-2025-weekday-wedding-lunch-and-dinner-jan-dec-25-_updated.pdf"", ""https://www.blissfulbrides.sg/banquet/intercontinental-singapore/wedding-banquet-price-list/intercontinental-singapore-a-nupital-soiree.pdf""]",https://www.blissfulbrides.sg/detail/818/intercontinental-singapore,5,32,8,8 - 32Mon - Sun
$$88.00++ (Set Menu VivoCity)Mon - Sun$$148.00++ (Buffet Menu VivoCity)Mon - Sun$$118.00++ (Set Menu Forum Orchard)Mon - Sun$$138.00++ (Buffet Menu Forum Orchard)Mon - Sun,$$78.00++ (Set Menu VivoCity)Mon - Sun$$128.00++ (Buffet Menu VivoCity)Mon - Sun$$108.00++ (Set Menu Forum Orchard)Mon - Sun$$128.00++ (Buffet Menu Forum Orchard)Mon - Sun,Jamie's Italian Singapore,"[""https://www.blissfulbrides.sg/banquet/jamie-s-italian-singapore/wedding-banquet-price-list/ji-vivo-wedding-package-2019.pdf"", ""https://www.blissfulbrides.sg/banquet/jamie-s-italian-singapore/wedding-banquet-price-list/ji-forum-wedding-package-2019.pdf""]",https://www.blissfulbrides.sg/detail/738/jamie-s-italian-singapore,5,,,10pax - 180pax (VivoCity)Mon - Sun20pax - 110pax (Forum)Mon - Sun
$$1438-$1788Mon - Thu$$1588-$1788Fri - Sun,$$1438-$1788Mon - Sun,JEN Singapore Tanglin by Shangri-La,,https://www.blissfulbrides.sg/detail/513/jen-singapore-tanglin-by-shangri-la,5,28,10,10 - 28Mon - Sun
$2974 ++Mon - Thu$3093–$3093Friday$3213–$3213Saturday$3093–$3093Sunday,$2734 ++Mon - Fri$2854–$2854Sat - Sun,JW Marriott Singapore South Beach,"[""https://www.blissfulbrides.sg/banquet/jw-marriott-singapore-south-beach/wedding-banquet-price-list/jw-wedding-brochure-2021.pdf"", ""https://www.blissfulbrides.sg/banquet/jw-marriott-singapore-south-beach/wedding-banquet-price-list/jw-wedding-inserts-100-persons-.pdf""]",https://www.blissfulbrides.sg/detail/423/jw-marriott-singapore-south-beach,5,33,22,22 - 33Mon - Sun
$159++ p.p.Sat - Sun,$79++ p.p.Mon - Thu,Lawry's The Prime Rib Singapore,,https://www.blissfulbrides.sg/detail/578/lawry-s-the-prime-rib-singapore,0,32,8,8 - 32Mon - Sun
$1664–$1784Mon - Thu$1784–$1904Friday$1904–$2024Sat - Sun,$1544–$1664Mon - Thu$1664–$1784Friday$1784–$1904Sat - Sun,M Hotel Singapore,"[""https://www.blissfulbrides.sg/banquet/m-hotel-singapore/wedding-banquet-price-list/mhs-wedding-package-2025-2026.pdf""]",https://www.blissfulbrides.sg/detail/212/m-hotel-singapore,5,32,12,12 - 32Mon - Sun
$2623 ++Mon - Fri$2983 ++Saturday$2623 ++Sunday,$2384++Mon - Fri$2504 ++Saturday$2384 ++Sunday,"Mandarin Oriental, Singapore","[""https://www.blissfulbrides.sg/banquet//wedding-banquet-price-list/wedding-packages-mandarin-oriental-singapore.pdf""]",https://www.blissfulbrides.sg/detail/1199/mandarin-oriental--singapore-,0,35,10,10 - 35Mon - Sun
$100++ per personMon - Sun,$70++ per personMon - Sun,"Montigo Resorts, Nongsa","[""https://www.blissfulbrides.sg/banquet/montigo-resorts-nongsa/wedding-banquet-price-list/wedding-brochure-montigo-resorts.pdf""]",https://www.blissfulbrides.sg/detail/426/montigo-resorts--nongsa,5,15,5,5 - 15Mon - Sun
$1680Mon - Sun,$1480Mon - Sun,Mount Faber Peak,"[""https://www.blissfulbrides.sg/banquet/mount-faber-peak/wedding-banquet-price-list/2025-mount-faber-peak-wedding.pdf""]",https://www.blissfulbrides.sg/detail/306/mount-faber-peak,0,20,4,4 - 20Mon - Sun
$1308++Mon - Thu$1688++Fri - Sun,$1108++Mon - Thu$1488++Fri - Sun,Novotel Singapore on Stevens,"[""https://www.blissfulbrides.sg/banquet/novotel-singapore-on-stevens/wedding-banquet-price-list/wedding-venue-only-package-2026.pdf"", ""https://www.blissfulbrides.sg/banquet/novotel-singapore-on-stevens/wedding-banquet-price-list/food-exchange-wedding-package-2026.pdf"", ""https://www.blissfulbrides.sg/banquet/novotel-singapore-on-stevens/wedding-banquet-price-list/solemnisation-x-l-aperitif-2026.pdf"", ""https://www.blissfulbrides.sg/banquet/novotel-singapore-on-stevens/wedding-banquet-price-list/winestone-wedding-package-2026.pdf"", ""https://www.blissfulbrides.sg/banquet/novotel-singapore-on-stevens/wedding-banquet-price-list/galactical-wedding-package-2026.pdf"", ""https://www.blissfulbrides.sg/banquet/novotel-singapore-on-stevens/wedding-banquet-price-list/nova-wedding-package-2026.pdf"", ""https://www.blissfulbrides.sg/banquet/novotel-singapore-on-stevens/wedding-banquet-price-list/constellation-wedding-package-2026.pdf""]",https://www.blissfulbrides.sg/detail/777/novotel-singapore-on-stevens,5,32,15,15 - 32Mon - Thu20 - 32Fri - Sun
$880Mon - Sun,$880Mon - Sun,"NTUC Club, Downtown East",,https://www.blissfulbrides.sg/detail/906/ntuc-club--downtown-east,5,,,30 -Mon - Sun
$2080++Mon - Sun,$1880++Mon - Sun,Oasia Hotel Downtown,,https://www.blissfulbrides.sg/detail/927/oasia-hotel-downtown,0,6,3,3 - 6Mon - Sun
$1980++Mon - Sun,$1880++Mon - Sun,Oasia Hotel Novena Singapore,,https://www.blissfulbrides.sg/detail/375/oasia-hotel-novena-singapore,5,10,5,5 - 10Mon - Sun
$2180++Mon - Fri$2480++Sat - Sun,$2180++Mon - Fri$2480++Sat - Sun,Oasia Resort Sentosa,"[""https://www.blissfulbrides.sg/banquet/oasia-resort-sentosa/wedding-banquet-price-list/aloes-package-2023.pdf""]",https://www.blissfulbrides.sg/detail/1126/oasia-resort-sentosa,0,14,12,12 - 14Mon - Sun
$2060++Mon - Fri$2324++Saturday$2060++Sunday,$1844++Mon - Fri$2000++Sat - Sun,One Farrer Hotel,"[""https://www.blissfulbrides.sg/banquet/one-farrer-hotel/wedding-banquet-price-list/soleminisation-package-2024.pdf"", ""https://www.blissfulbrides.sg/banquet/one-farrer-hotel/wedding-banquet-price-list/soleminisation-package-2025.pdf"", ""https://www.blissfulbrides.sg/banquet/one-farrer-hotel/wedding-banquet-price-list/chinese-wedding-2025-package.pdf"", ""https://www.blissfulbrides.sg/banquet/one-farrer-hotel/wedding-banquet-price-list/chinese-wedding-2024-package.pdf"", ""https://www.blissfulbrides.sg/banquet/one-farrer-hotel/wedding-banquet-price-list/ofh-intimate-wedding-2025.pdf"", ""https://www.blissfulbrides.sg/banquet/one-farrer-hotel/wedding-banquet-price-list/ofh-intimate-wedding-2024.pdf""]",https://www.blissfulbrides.sg/detail/700/one-farrer-hotel,0,40,22,22 - 40Mon - Sun
$1784–$2254Mon - Fri$1904–$2374Saturday$1784–$2254Sunday,$1784–$2254Mon - Sun,ONE°15 Marina Sentosa Cove Singapore,"[""https://www.blissfulbrides.sg/banquet/one-15-marina-sentosa-cove-singapore/wedding-banquet-price-list/wedding-package-2025-iconic-building-.pdf"", ""https://www.blissfulbrides.sg/banquet/one-15-marina-sentosa-cove-singapore/wedding-banquet-price-list/wedding-package-2025-constellation-.pdf""]",https://www.blissfulbrides.sg/detail/37/one--15-marina-sentosa-cove-singapore,5,36,3,3 - 36Mon - Sun
"$1,888++Sun - Thu$1,988++Fri - Sat","$1,688++Mon - Thu",Orchard Hotel Singapore,"[""https://www.blissfulbrides.sg/banquet/orchard-hotel-singapore/wedding-banquet-price-list/ohs-muslim-wedding-2025-2026.pdf"", ""https://www.blissfulbrides.sg/banquet/orchard-hotel-singapore/wedding-banquet-price-list/ohs-indian-wedding-2026.pdf"", ""https://www.blissfulbrides.sg/banquet/orchard-hotel-singapore/wedding-banquet-price-list/ohs-indian-wedding-package-2025.pdf"", ""https://www.blissfulbrides.sg/banquet/orchard-hotel-singapore/wedding-banquet-price-list/ohs-chinese-wedding-2026.pdf"", ""https://www.blissfulbrides.sg/banquet/orchard-hotel-singapore/wedding-banquet-price-list/ohs-chinese-wedding-package-2025.pdf""]",https://www.blissfulbrides.sg/detail/523/orchard-hotel-singapore,5,100,18,18 - 100Mon - Sun
$1358–$1466Mon - Thu$1508–$1676Fri - Sun,$1358–$1466Mon - Sun,Orchid Country Club,"[""https://www.blissfulbrides.sg/banquet/orchid-country-club/wedding-banquet-price-list/3-knots-wedding-package-2023-2024-1-apr-2023-31-mar-2024-.pdf"", ""https://www.blissfulbrides.sg/banquet/orchid-country-club/wedding-banquet-price-list/occ-wedding-package-2023-2024-1-apr-2023-31-mar-2024-.pdf"", ""https://www.blissfulbrides.sg/banquet/orchid-country-club/wedding-banquet-price-list/occ-wedding-package-2024-2025-1-apr-2024-31-mar-2025-.pdf""]",https://www.blissfulbrides.sg/detail/118/orchid-country-club,5,100,10,10 - 100Mon - Sun
$2384–$3583Mon - Thu$2623–$3583Fri - Sun,$2384–$3583Mon - Thu$2504–$3583Fri - Sun,Pan Pacific Orchard Singapore,,https://www.blissfulbrides.sg/detail/57/pan-pacific-orchard-singapore,5,43,23,23 - 43Mon - Thu26 - 43Fri - Sun
$1928Mon - Thu$2198Friday$2308Sat - Sun,$1888–$1998Sat - Sun,Pan Pacific Singapore,"[""https://www.blissfulbrides.sg/banquet/pan-pacific-singapore/wedding-banquet-price-list/wedding-package-2025-with-enhancements.pdf"", ""https://www.blissfulbrides.sg/banquet/pan-pacific-singapore/wedding-banquet-price-list/2025-floral-theme-only.pdf""]",https://www.blissfulbrides.sg/detail/353/pan-pacific-singapore,5,50,18,18 - 50Mon - Sun
$1488++Mon - Fri$1888++Saturday$1788++Sunday,$1588++Mon - Sun,Paradox Singapore,"[""https://www.blissfulbrides.sg/banquet/paradox-singapore-merchant-court/wedding-banquet-price-list/wedding-menu.pdf""]",https://www.blissfulbrides.sg/detail/1127/paradox-singapore,0,42,20,20 - 42Mon - Sun
$1116-$1163Mon - Thu$1163-$1198Fri - Sun,$1022-$1057Mon - Thu$1057-$1104Fri - Sun,Park Hotel Clarke Quay,,https://www.blissfulbrides.sg/detail/381/park-hotel-clarke-quay,5,13,3,3 - 13Mon - Sun
$2144++Mon - Fri$2743++Sat - Sun,$2144++Mon - Fri$2384++Sat - Sun,"PARKROYAL COLLECTION Marina Bay, Singapore","[""https://www.blissfulbrides.sg/banquet/parkroyal-collection-marina-bay-singapore/wedding-banquet-price-list/chinese-weekday-wedding-lunch-or-dinner-2025.pdf"", ""https://www.blissfulbrides.sg/banquet/parkroyal-collection-marina-bay-singapore/wedding-banquet-price-list/chinese-weekend-wedding-dinner-2025.pdf"", ""https://www.blissfulbrides.sg/banquet/parkroyal-collection-marina-bay-singapore/wedding-banquet-price-list/chinese-weekend-wedding-lunch-2025.pdf"", ""https://www.blissfulbrides.sg/banquet/parkroyal-collection-marina-bay-singapore/wedding-banquet-price-list/celebrations-wedding-chinese-weekend-dinner-2026.pdf"", ""https://www.blissfulbrides.sg/banquet/parkroyal-collection-marina-bay-singapore/wedding-banquet-price-list/celebrations-wedding-chinese-weekend-lunch-2026.pdf"", ""https://www.blissfulbrides.sg/banquet/parkroyal-collection-marina-bay-singapore/wedding-banquet-price-list/celebrations-wedding-chinese-weekday-2026.pdf"", ""https://www.blissfulbrides.sg/banquet/parkroyal-collection-marina-bay-singapore/wedding-banquet-price-list/2025-intimate-wedding-package.pdf""]",https://www.blissfulbrides.sg/detail/847/parkroyal-collection-marina-bay--singapore,0,50,15,15 - 50Mon - Sun
$2120++Mon - Fri$2755++Saturday$2360++Sunday,$2360++Mon - Fri$2504++Saturday$2360++Sunday,"PARKROYAL COLLECTION Pickering, Singapore","[""https://www.blissfulbrides.sg/banquet/parkroyal-collection-pickering-singapore/wedding-banquet-price-list/pcpk_wedding_dinner-weekend.pdf"", ""https://www.blissfulbrides.sg/banquet/parkroyal-collection-pickering-singapore/wedding-banquet-price-list/pcpk_wedding_eco-chic.pdf"", ""https://www.blissfulbrides.sg/banquet/parkroyal-collection-pickering-singapore/wedding-banquet-price-list/pcpk_wedding_solemnisation.pdf"", ""https://www.blissfulbrides.sg/banquet/parkroyal-collection-pickering-singapore/wedding-banquet-price-list/pcpk_wedding_lunch.pdf"", ""https://www.blissfulbrides.sg/banquet/parkroyal-collection-pickering-singapore/wedding-banquet-price-list/pcpk_wedding_dinner-weekday_n.PDF""]",https://www.blissfulbrides.sg/detail/58/parkroyal-collection-pickering--singapore,0,30,8,8 - 30Mon - Sun
$1588++Mon - Thu$1688++Friday$1988++Saturday$1788++Sunday,$1588++Mon - Fri$1788++Sat - Sun,PARKROYAL on Beach Road,"[""https://www.blissfulbrides.sg/banquet/parkroyal-on-beach-road/wedding-banquet-price-list/2025-weekday-wedding-lunch-dinner-package.pdf"", ""https://www.blissfulbrides.sg/banquet/parkroyal-on-beach-road/wedding-banquet-price-list/2025-weekend-wedding-dinner-package.pdf"", ""https://www.blissfulbrides.sg/banquet/parkroyal-on-beach-road/wedding-banquet-price-list/2025-weekend-wedding-lunch-package.pdf"", ""https://www.blissfulbrides.sg/banquet/parkroyal-on-beach-road/wedding-banquet-price-list/parkroyal-on-beach-road-limited-time-promotion.pdf"", ""https://www.blissfulbrides.sg/banquet/parkroyal-on-beach-road/wedding-banquet-price-list/weekend-dinner-weekend-2026.pdf"", ""https://www.blissfulbrides.sg/banquet/parkroyal-on-beach-road/wedding-banquet-price-list/weekday-wedding-2026.pdf"", ""https://www.blissfulbrides.sg/banquet/parkroyal-on-beach-road/wedding-banquet-price-list/weekend-lunch-wedding-2026.pdf""]",https://www.blissfulbrides.sg/detail/495/parkroyal-on-beach-road,5,40,16,16 - 40Mon - Sun
$788++Mon - Thu$888++Fri - Sun,$$788++Mon - Fri$838++Sat - Sun,Pavilion Singapore,,https://www.blissfulbrides.sg/detail/745/pavilion-singapore,0,30,8,8 - 30Mon - Sun
$1784Mon - Thu$1904Fri - Sun,$1664++Mon - Thu$1784++Fri - Sun,Peninsula Excelsior Hotel,"[""https://www.blissfulbrides.sg/banquet//wedding-banquet-price-list/wedding-package-2020-2021.pdf""]",https://www.blissfulbrides.sg/detail/289/peninsula-excelsior-hotel,5,30,10,10 - 30Mon - Sun
$1424–$1544Mon - Sun,$1424–$1544Mon - Sun,Raffles Marina,"[""https://www.blissfulbrides.sg/banquet/raffles-marina/wedding-banquet-price-list/chinese-wedding-package.pdf"", ""https://www.blissfulbrides.sg/banquet/raffles-marina/wedding-banquet-price-list/chinese_ind_intl-solm-menus.pdf""]",https://www.blissfulbrides.sg/detail/422/raffles-marina,5,36,5,5 - 36Mon - Sun
$1988 - 3788Mon - Sun,$1888 - 3588Mon - Sun,"Resorts World Sentosa, Equarius Hotel","[""https://www.blissfulbrides.sg/banquet/-/wedding-banquet-price-list/solemnization-packages-2025.pdf"", ""https://www.blissfulbrides.sg/banquet/-/wedding-banquet-price-list/ocean-gallery-wedding-packages-2025.pdf"", ""https://www.blissfulbrides.sg/banquet/-/wedding-banquet-price-list/equarius-hotel-wedding-packages-2025.pdf"", ""https://www.blissfulbrides.sg/banquet/resorts-world-sentosa-equarius-hotel/wedding-banquet-price-list/universal-studios-singapore-wedding-packages-2025.pdf"", ""https://www.blissfulbrides.sg/banquet/resorts-world-sentosa-equarius-hotel/wedding-banquet-price-list/resorts-world-convention-centre-wedding-packages-2025-2026.pdf""]",https://www.blissfulbrides.sg/detail/219/resorts-world-sentosa--equarius-hotel,0,180,8,8 - 180Mon - Sun
$1655–$1904Mon - Thu$2254–$2384Fri - Sat$2014–$2144Sunday,$1655–$1904Mon - Fri$2254–$2384Sat - Sun,Royal Plaza on Scotts,"[""https://www.blissfulbrides.sg/banquet/royal-plaza-on-scotts/wedding-banquet-price-list/wedding-chinese-set-menu.pdf"", ""https://www.blissfulbrides.sg/banquet/royal-plaza-on-scotts/wedding-banquet-price-list/wedding-buffet-menu.pdf""]",https://www.blissfulbrides.sg/detail/647/royal-plaza-on-scotts,0,10,6,6 - 10Mon - Sun
$1185++Mon - Thu$1424++Fri - Sun,$1185++Mon - Thu$1424++Fri - Sun,Seletar Country Club,,https://www.blissfulbrides.sg/detail/206/seletar-country-club,0,24,10,10 - 24Mon - Sun
"$1,638.00++Mon - Fri$1,738.00++Saturday$1,688.00++Sunday","$1,388.00++Mon - Fri$1,488.00++Saturday$1,438.00++Sunday",Sentosa Golf Club,"[""https://www.blissfulbrides.sg/banquet/sentosa-golf-club/wedding-banquet-price-list/wedding-package-2025-international-buffet.pdf"", ""https://www.blissfulbrides.sg/banquet/sentosa-golf-club/wedding-banquet-price-list/pyramid-wedding-package-2025.pdf"", ""https://www.blissfulbrides.sg/banquet/sentosa-golf-club/wedding-banquet-price-list/wedding-packages-2025-chinese.pdf""]",https://www.blissfulbrides.sg/detail/532/sentosa-golf-club,0,23,10,10 - 23Mon - Sun
$1185++Mon - Thu$1305++Fri - Sun,$1185++Mon - Thu$1305++Fri - Sun,Serangoon Gardens Country Club,"[""https://www.blissfulbrides.sg/banquet/serangoon-gardens-country-club/wedding-banquet-price-list/sgcc-solemnisation.pdf""]",https://www.blissfulbrides.sg/detail/38/serangoon-gardens-country-club,0,50,12,12 - 50Mon - Sun
$2384–$3223Mon - Sun,$2144–$2504Mon - Sun,"Shangri-La Rasa Sentosa, Singapore","[""https://www.blissfulbrides.sg/banquet/shangri-la-rasa-sentosa-singapore/wedding-banquet-price-list/exquisite-wedding-brochure-2025.pdf"", ""https://www.blissfulbrides.sg/banquet/shangri-la-rasa-sentosa-singapore/wedding-banquet-price-list/elegance-enchantment-wedding-brochure-2025.pdf""]",https://www.blissfulbrides.sg/detail/579/shangri-la-rasa-sentosa--singapore,5,100,6,6 - 100Mon - Sun
$2144++Sun - Fri$2444++Sat - Sun,$2144++Mon - Sun,Sheraton Towers Singapore,"[""https://www.blissfulbrides.sg/banquet/sheraton-towers-singapore/wedding-banquet-price-list/2021-grandeur-wedding-package.pdf"", ""https://www.blissfulbrides.sg/banquet/sheraton-towers-singapore/wedding-banquet-price-list/2021_solemnisation-packages.pdf"", ""https://www.blissfulbrides.sg/banquet/sheraton-towers-singapore/wedding-banquet-price-list/2021-wedding-packages.pdf""]",https://www.blissfulbrides.sg/detail/770/sheraton-towers-singapore,5,40,10,10 - 40Mon - Sun
"$From $15,899Mon - Sun","$From $12,899Mon - Sun",Sinfonia Ristorante,"[""https://www.blissfulbrides.sg/banquet/sinfonia-ristorante/wedding-banquet-price-list/sinfonia-ristorante-wedding-lunch-package.pdf"", ""https://www.blissfulbrides.sg/banquet/sinfonia-ristorante/wedding-banquet-price-list/sinfonia-ristorante-wedding-dinner-package.pdf""]",https://www.blissfulbrides.sg/detail/580/sinfonia-ristorante,5,,,
$1784–$2384Mon - Sun,$1664–$2084Mon - Sun,Singapore Marriott Tang Plaza Hotel,"[""https://www.blissfulbrides.sg/banquet/singapore-marriott-tang-plaza-hotel/wedding-banquet-price-list/singapore-marriott-tang-plaza-hotel-intimate-wedding-lunch-and-dinner-package-2025.pdf"", ""https://www.blissfulbrides.sg/banquet/singapore-marriott-tang-plaza-hotel/wedding-banquet-price-list/singapore-marriott-tang-plaza-hotel-grand-ballroom-wedding-dinner-package-saturday-until-september-2026.pdf"", ""https://www.blissfulbrides.sg/banquet/singapore-marriott-tang-plaza-hotel/wedding-banquet-price-list/singapore-marriott-tang-plaza-hotel-grand-ballroom-wedding-dinner-package-fri-sun-eve-of-ph-ph-from-october-december-2026.pdf"", ""https://www.blissfulbrides.sg/banquet/singapore-marriott-tang-plaza-hotel/wedding-banquet-price-list/singapore-marriott-tang-plaza-hotel-grand-ballroom-wedding-lunch-package-2025-2026.pdf"", ""https://www.blissfulbrides.sg/banquet/singapore-marriott-tang-plaza-hotel/wedding-banquet-price-list/singapore-marriott-tang-plaza-hotel-grand-ballroom-wedding-dinner-package-friday-and-sunday-until-september-2026.pdf""]",https://www.blissfulbrides.sg/detail/395/singapore-marriott-tang-plaza-hotel,5,55,10,10 - 55Mon - Sun
$78Mon - Sun,$78Mon - Sun,Singapore Recreation Club,"[""https://www.blissfulbrides.sg/banquet/singapore-recreation-club/wedding-banquet-price-list/wedding-buffet-package-src-.pdf"", ""https://www.blissfulbrides.sg/banquet/singapore-recreation-club/wedding-banquet-price-list/wedding-chinese-course-package-src-.pdf""]",https://www.blissfulbrides.sg/detail/797/singapore-recreation-club,0,30,15,15 - 30Mon - Sun
$1185–$1424Mon - Thu,$1185–$1424Mon - Sun,Singapore Swimming Club,,https://www.blissfulbrides.sg/detail/516/singapore-swimming-club,0,44,8,8 - 44Mon - Sun
"$2,500++Sun - Thu$3,500++Fri - Sat","$1,500++Tue - Thu$2,500++Fri - Sun",SIRI HOUSE,"[""https://www.blissfulbrides.sg/banquet/siri-house/wedding-banquet-price-list/siri-house-wedding-deck-2024.pdf""]",https://www.blissfulbrides.sg/detail/827/siri-house,0,10,1,1 - 10Mon - Sun
$2204++Friday$2444++Saturday$2204++Sunday,$2084–$2084Friday$2324–$2324Saturday$2084–$2084Sunday,Sofitel Singapore City Centre,,https://www.blissfulbrides.sg/detail/1250/sofitel-singapore-city-centre-,0,32,8,8 - 32Mon - Sun
$2432–$3093Mon - Thu$2563–$3213Friday$2623–$3453Sunday$2563–$3213Saturday,$2384–$2974Mon - Sun,Sofitel Singapore Sentosa Resort & Spa,"[""https://www.blissfulbrides.sg/banquet/sofitel-singapore-sentosa-resort-spa/wedding-banquet-price-list/solemnisation-package.pdf"", ""https://www.blissfulbrides.sg/banquet/sofitel-singapore-sentosa-resort-spa/wedding-banquet-price-list/wedding-lunch-package.pdf"", ""https://www.blissfulbrides.sg/banquet/sofitel-singapore-sentosa-resort-spa/wedding-banquet-price-list/weekday-wedding-dinner-package.pdf"", ""https://www.blissfulbrides.sg/banquet/sofitel-singapore-sentosa-resort-spa/wedding-banquet-price-list/saturday-wedding-dinner-package.pdf"", ""https://www.blissfulbrides.sg/banquet/sofitel-singapore-sentosa-resort-spa/wedding-banquet-price-list/friday-sunday-wedding-dinner-package.pdf"", ""https://www.blissfulbrides.sg/banquet/sofitel-singapore-sentosa-resort-spa/wedding-banquet-price-list/malay-wedding-package.pdf"", ""https://www.blissfulbrides.sg/banquet/sofitel-singapore-sentosa-resort-spa/wedding-banquet-price-list/wedding-package-at-the-cliff.pdf""]",https://www.blissfulbrides.sg/detail/343/sofitel-singapore-sentosa-resort-spa,5,24,10,10 - 24Mon - Sun
$680++Mon - Fri$780++Sat - Sun,$680++Mon - Fri$780++Sat - Sun,The British Club,,https://www.blissfulbrides.sg/detail/325/the-british-club,0,15,9,9 - 15Mon - Sun
$3103–$3933Mon - Sun,$2743–$3933Mon - Sun,The Capitol Kempinski Hotel Singapore,,https://www.blissfulbrides.sg/detail/1286/the-capitol-kempinski-hotel-singapore,0,10,8,8 - 10Mon - Sun
$1295–$1655Mon - Sun,$1295–$1655Mon - Sun,The Robertson House by The Crest Collection,"[""https://www.blissfulbrides.sg/banquet/the-robertson-house-by-the-crest-collection-/wedding-banquet-price-list/wedding-brochure-2025.pdf""]",https://www.blissfulbrides.sg/detail/1236/the-robertson-house-by-the-crest-collection-,0,6,1,1 - 6Mon - Sun
$1788++Mon - Fri$2188++Saturday$1988++Sunday,$1888++Mon - Sun,The Westin Singapore,"[""https://www.blissfulbrides.sg/banquet/the-westin-singapore/wedding-banquet-price-list/2025-lunch-package-wedding-brochure.pdf"", ""https://www.blissfulbrides.sg/banquet/the-westin-singapore/wedding-banquet-price-list/2025-weekday-dinner-package-wedding-brochure.pdf"", ""https://www.blissfulbrides.sg/banquet/the-westin-singapore/wedding-banquet-price-list/2025-weekend-dinner-package-wedding-brochure.pdf""]",https://www.blissfulbrides.sg/detail/1318/the-westin-singapore,0,30,18,18 - 30Mon - Fri22 - 30Sat - Sun
$1535–$2024Mon - Thu$1775–$2264Fri - Sun,$1535–$2024Mon - Thu$1775–$2264Fri - Sun,TungLok Heen,,https://www.blissfulbrides.sg/detail/305/,0,15,10,10 - 15Mon - Sun
$859–$1295Mon - Sun,$859–$1295Mon - Sun,TungLok Seafood @ Orchard Central,,https://www.blissfulbrides.sg/detail/270/,0,18,15,15 - 18Mon - Sun
$$888.00+ PER TABLE OF 10 PERSONSMon - Fri$$968.00+ PER TABLE OF 10 PERSONSSat - Sun,$$888.00+ PER TABLE OF 10 PERSONSMon - Fri$$968.00+ PER TABLE OF 10 PERSONSSat - Sun,"Tunglok Signatures @ Antica Ballroom, Orchard Rendezvous Hotel",,https://www.blissfulbrides.sg/detail/603/tunglok-signatures-antica-ballroom--orchard-rendezvous-hotel,0,30,15,15 - 30Mon - Fri20 -Sat - Sun
$2014++Mon - Sun,$1894++Mon - Sun,Village Hotel Changi,"[""https://www.blissfulbrides.sg/banquet/village-hotel-changi/wedding-banquet-price-list/timeless-union-package.pdf"", ""https://www.blissfulbrides.sg/banquet/village-hotel-changi/wedding-banquet-price-list/solemnisation-buffet-package.pdf"", ""https://www.blissfulbrides.sg/banquet/village-hotel-changi/wedding-banquet-price-list/enamoured-ever-after-package.pdf"", ""https://www.blissfulbrides.sg/banquet/village-hotel-changi/wedding-banquet-price-list/impian-wedding-package.pdf"", ""https://www.blissfulbrides.sg/banquet/village-hotel-changi/wedding-banquet-price-list/everlasting-bliss-package.pdf""]",https://www.blissfulbrides.sg/detail/177/village-hotel-changi,5,25,5,5 - 25Mon - Sun
$2014++Mon - Sun,$1894++Mon - Sun,Village Hotel Katong,"[""https://www.blissfulbrides.sg/banquet/village-hotel-katong/wedding-banquet-price-list/solemnisation-buffet-package.pdf"", ""https://www.blissfulbrides.sg/banquet/village-hotel-katong/wedding-banquet-price-list/enamoured-ever-after-package.pdf"", ""https://www.blissfulbrides.sg/banquet/village-hotel-katong/wedding-banquet-price-list/impian-wedding-package.pdf"", ""https://www.blissfulbrides.sg/banquet/village-hotel-katong/wedding-banquet-price-list/everlasting-bliss-package.pdf"", ""https://www.blissfulbrides.sg/banquet/village-hotel-katong/wedding-banquet-price-list/timeless-union-package.pdf""]",https://www.blissfulbrides.sg/detail/377/village-hotel-katong,5,15,8,8 - 15Mon - Sun
"$1,488++Mon - Thu$1,688++Friday$1,788++Saturday$1,688++Sunday","$1,588++Mon - Sun",voco Orchard Singapore,"[""https://www.blissfulbrides.sg/banquet/voco-orchard-singapore/wedding-banquet-price-list/wedding-promotion-flyer_2025_sg60-tactical-promo_revised.pdf"", ""https://www.blissfulbrides.sg/banquet/voco-orchard-singapore/wedding-banquet-price-list/wedding-promotion-flyer_2026-weddings.pdf"", ""https://www.blissfulbrides.sg/banquet/voco-orchard-singapore/wedding-banquet-price-list/2025-2026-wedding-packages.pdf""]",https://www.blissfulbrides.sg/detail/1070/voco-orchard-singapore,0,420,100,100 - 420Mon - Sun
$2614–$2734Sun - Fri$2854–$2974Sat -,$2374–$2734Mon - Sun,W Singapore - Sentosa Cove,"[""https://www.blissfulbrides.sg/banquet/w-singapore-sentosa-cove/wedding-banquet-price-list/say-i-do-great-room-lunch.pdf"", ""https://www.blissfulbrides.sg/banquet/w-singapore-sentosa-cove/wedding-banquet-price-list/say-i-do-studios-lunch.pdf"", ""https://www.blissfulbrides.sg/banquet/w-singapore-sentosa-cove/wedding-banquet-price-list/say-i-do-studios-dinner.pdf"", ""https://www.blissfulbrides.sg/banquet/w-singapore-sentosa-cove/wedding-banquet-price-list/say-i-do-great-room-dinner.pdf"", ""https://www.blissfulbrides.sg/banquet/w-singapore-sentosa-cove/wedding-banquet-price-list/wedding_skirt_2024.pdf"", ""https://www.blissfulbrides.sg/banquet/w-singapore-sentosa-cove/wedding-banquet-price-list/wedding_the-kitchen-table_2024.pdf"", ""https://www.blissfulbrides.sg/banquet/w-singapore-sentosa-cove/wedding-banquet-price-list/bachelor-bachelorette-party-at-woobar.pdf"", ""https://www.blissfulbrides.sg/banquet/w-singapore-sentosa-cove/wedding-banquet-price-list/bachelor-bachelorette-party-at-wet-deck.pdf""]",https://www.blissfulbrides.sg/detail/1211/w-singapore-sentosa-cove,0,48,10,10 - 48
$1188++  -  2388++Mon - Sun,$1188++ - 2388++Mon - Sun,Ya Ge Restaurant,"[""https://www.blissfulbrides.sg/banquet/ya-ge-restaurant/wedding-banquet-price-list/ya-ge-wedding-package-march-2025.pdf"", ""https://www.blissfulbrides.sg/banquet/ya-ge-restaurant/wedding-banquet-price-list/ya-ge-solemnisation-package-march-2025.pdf""]",https://www.blissfulbrides.sg/detail/1281/ya-ge-restaurant,0,,,
$1364–$1894Mon - Thu$1436–$2134Fri - Sun,$1364–$1894Mon - Thu$1436–$2134Fri - Sun,York Hotel Singapore,"[""https://www.blissfulbrides.sg/banquet/york-hotel-singapore/wedding-banquet-price-list/2025-2026-wedding-packages.pdf""]",https://www.blissfulbrides.sg/detail/1282/york-hotel-singapore,0,42,10,10 - 42Mon - Sun
$988++Fri - Sun$788++Mon - Thu,$988++Fri - Sun$788++Mon - Thu,YWCA Fort Canning,"[""https://www.blissfulbrides.sg/banquet/ywca-fort-canning/wedding-banquet-price-list/wedding-package-2023_2024-v1.pdf""]",https://www.blissfulbrides.sg/detail/958/ywca-fort-canning,0,23,8,8 - 23Mon - Sun
$988–$1588Mon - Sun,$988–$1588Mon - Sun,Ah Yat Seafood Restaurant,,,,40,10,10 - 40- Sun
$2734–$2734Mon - Fri$2854–$2854Saturday$2734–$2734Sunday,$2614–$2614Mon - Sun,Andaz Singapore,,,,28,6,6 - 28Fri - Sun
$3213–$4412Mon - Sun,$3093–$4412Mon - Sun,Capella Singapore,,,,40,15,15 - 40Mon - Sun
$1424–$1703Mon - Sun,$1424–$1499Mon - Sun,Changi Cove Hotel,,,,22,13,13 - 22Mon - Sun
$1940–$2276Mon - Thu$2036–$2396Friday$2276–$2635Saturday$2156–$2516Sunday,$1940–$2276Mon - Thu$2036–$2396Friday$2276–$2635Saturday$2156–$2516Sunday,CHIJMES Hall Singapore,,,,30,12,12 - 30Mon - Thu16 - 30Friday20 - 30Saturday16 - 30Sunday
$2024–$2623Mon - Thu$2264–$2743Friday$2504–$2863Saturday$2264–$2743Sunday,$2024–$2623Mon - Sun,Conrad Singapore Orchard,,,,50,10,10 - 50Mon - Sun
$824Mon - Sun,$824Mon - Sun,Crystal Jade Prestige,,,,7,3,3 - 7Mon - Thu
$226++ - $300++Mon - Sun,$NAMon - Sun,Flutes,"[""banquet//wedding-banquet-price-list/flutes-wedding-dinner-solemnisation-for-88-persons.pdf""]",,,30,10,10 - 30Mon - Sun
$2623–$3693Mon - Fri$2863–$3693Saturday$2623–$3693Sunday,$2504–$3693Mon - Sun,Four Seasons Hotel Singapore,,,,30,3,3 - 30Mon - Sun
$1005–$1844Mon - Thu$1197–$2084Fri - Sun,$1005–$1844Mon - Thu$1125–$2024Fri - Sun,Fu Lin Men (Chinese Swimming Club),,,,25,12,12 - 25Mon - Sun
$1005–$1844Mon - Thu$1125–$2084Sat - Sun,$1005–$1844Mon - Thu$1041–$2024Fri - Sun,Fu Lin Men (National Service Resort & Country Club),,,,36,12,12 - 36Mon - Sun
$1005–$1844Mon - Thu$1197–$2084Fri - Sun,$1005–$1844Mon - Thu$1125–$2024Fri - Sun,Fu Lin Men (Temasek Club),,,,21,12,12 - 21Mon - Sun
$1161–$1760Mon - Thu$1520–$2120Fri - Sun,$1161–$1760Mon - Thu$1436–$2036Fri - Sun,Fu Lin Men Grandeur,,,,36,12,12 - 36Mon - Sun
$$1544–$1700Mon - Fri$$1568–$1784Saturday$$1544–$1700Sunday,$1424–$1616Mon - Sun,"Furama RiverFront, Singapore",,,,55,10,10 - 55Mon - Sun
$2024–$2024Mon - Thu$2276–$2276Fri - Sun,$2024–$2024Mon - Sun,Goodwood Park Hotel,,,,35,12,12 - 35Mon - Sun
$986Mon - Sun,$986Mon - Sun,Grand Banquet,,,,38,15,15 - 38Mon - Sun
$2264–$2743Mon - Fri$2504–$2983Saturday$2384–$2863Sunday,$2264–$2743Mon - Sun,Grand Hyatt Singapore,,,,36,15,15 - 36Mon - Sun
$2024–$2024Mon - Sun,$2024–$2024Mon - Sun,Grand Mercure Singapore Roxy,,,,35,10,10 - 35Mon - Sun
$1784–$2384Mon - Sun,$1784–$2384Mon - Sun,Grand Shanghai,,,,25,20,20 - 25Mon - Sun
$1398-$1398Mon - Fri$1634-$1634Saturday$1398-$1398Sunday,$1304-$1304Mon - Sun,Hilton Singapore,,,,50,18,18 - 50Mon - Sun
$1339Mon - Thu$1398Fri - Sun,$1222Mon - Thu$1281Fri - Sun,Hotel RE! @ Pearl's Hill,,,,42,5,5 - 42Mon - Sun
$1389-1860Mon - Thu$1624-$1977Fri - Sun,$1389-$1860Mon - Thu$1624-$1977Fri - Sun,iFly Singapore Sky Garden,,,,12,10,10 - 12Mon - Sun
$979Mon - Thu$1163Fri - Sun,$939Mon - Thu,Imperial Treasure @ Chinese Swimming Club,,,,26,18,18 - 26Mon - Sun
$2374–$2494Mon - Fri$2494–$2494Saturday$2374–$2494Sunday,$2254++Mon - Sun,Jade @ The Fullerton Hotel Singapore,,,,12,10,10 - 12Mon - Sun
$1751-$2222Mon - Sun,$1751-$2222Mon - Sun,"Le Meridien Singapore, Sentosa (fomerly Movenpick)",,,,16,12,12 - 16Mon - Sun
$608-$856Mon - Sun,$608-$856Mon - Sun,Lijiang Restaurant by Yunnan,,,,40,20,20 - 40Mon - Sun
$597 – $837Mon - Sun,$597 – $837Mon - Sun,LingZhi Vegetarian (Liat Towers),,,,13,9,9 - 13Mon - Sun
$501-$661Mon - Sun,$501-$661Mon - Sun,LingZhi Vegetarian (Velocity – Novena Square),,,,12,10,10 - 12Mon - Sun
$3453++Mon - Sun,$2854++Mon - Sun,Marina Bay Sands,,,,150,15,15 - 150Mon - Sun
$1424–$2264Mon - Fri$1544–$2264Sat - Sun,$1305–$2144Mon - Fri$1424–$2144Sat - Sun,Mercure Singapore Bugis,,,,10,5,5 - 10Mon - Sun
$1133-$1133Mon - Thu$1251-$1251Fri - Sun,$1133-$1133Fri - Sun,Park Hotel Alexandra,,,,14,3,3 - 14Mon - Sun
$975-$1398Mon - Thu$1163-$1398Fri - Sun,$975-$1363Mon - Sun,Peach Garden @ Hotel Miramar,,,,42,20,20 - 42Mon - Thu25 - 42Fri - Sun
$1340–$1964Mon - Thu$1724–$1964Fri - Sun,$1340–$1964Sat - Thu$1724–$1964Fri - Sun,Peach Garden @ OCBC Centre,,,,36,10,10 - 36Mon - Sun
$975-$1363Mon - Thu$1128-$1363Fri - Sun,$975-$1328Mon - Sun,Peach Garden @ Orchid Country Club,,,,42,15,15 - 42Mon - Fri25 - 42Sat - Sun
$1400–$2000Mon - Thu$1760–$2000Fri - Sun,$1400–$2000Mon - Thu$1760–$2000Fri - Sun,Peach Garden @ The Heeren,,,,20,16,16 - 20Mon - Sat
$1340–$1760Mon - Thu$1592–$1760Fri - Sun,$1340–$1760Mon - Thu$1592–$1760Fri - Sun,Peach Garden @ The Metropolis,,,,12,8,8 - 12Mon - Sun
$1340–$1760Mon - Thu$1592–$1760Fri - Sun,$1340–$1760Mon - Thu$1592–$1760Fri - Sun,Peach Garden @ Thomson Plaza,,,,30,10,10 - 30Mon - Sun
$1664++Mon - Thu$1904++Fri - Sun,$1664++Mon - Fri$1784++Sat - Sun,Peony Jade @ Amara Singapore,,,,20,12,12 - 20Mon - Thu15 - 20Fri - Sun
$1099-$1298Mon - Sun,$1008-$1208Mon - Sun,Peony Jade at Clarke Quay,,,,38,18,18 - 38Mon - Sun
$1128-$1298Mon - Sun,$1028-$1208Mon - Sun,Peony Jade at Keppel Club,,,,40,18,18 - 40Mon - Sun
$568-$1388Mon - Sun,$568-$1388Mon - Sun,Prima Tower Revolving Restaurant,,,,40,20,20 - 40Mon - Sun
$1138–$1758Mon - Sun,$1138–$1758Mon - Sun,Qian Xi Bliss Garden,,,,85,25,25 - 85Mon - Sun
$698-$1118Mon - Sun,$698-$1118Mon - Sun,Qian Xi Blossom Garden,,,,70,10,10 - 70Mon - Sun
$1138–$1758Mon - Sun,$1138–$1758Mon - Sun,Qian Xi Bountiful Garden,,,,28,6,6 - 28Mon - Sun
$698-$1118Mon - Sun,$698-$1118Mon - Sun,Qian Xi Carpenter Street,,,,80,5,5 - 80Mon - Sun
$1138–$1758Mon - Sun,$1138–$1758Mon - Sun,Qian Xi Eternal Garden,,,,40,10,10 - 40Mon - Sun
$1138–$1758Mon - Sun,$1138–$1758Mon - Sun,Qian Xi Farrer Park,,,,57,21,21 - 57Mon - Sun
$1138–$1758Mon - Sun,$1138–$1758Mon - Sun,Qian Xi Hilltop Garden,,,,62,8,8 - 62Mon - Sun
$698-$1118Mon - Sun,$698-$1118Mon - Sun,Qian Xi Joy Garden,,,,130,15,15 - 130Mon - Sun
$1138–$1758Mon - Sun,$1138–$1758Mon - Sun,Qian Xi Jubilee Garden,,,,116,22,22 - 116Mon - Sun
$1138–$1758Mon - Sun,$1138–$1758Mon - Sun,Qian Xi Paya Lebar,,,,100,12,12 - 100Mon - Sun
$1138–$1758Mon - Sun,$1138–$1758Mon - Sun,Qian Xi Pearl Garden,,,,120,17,17 - 120Mon - Sun
$1138–$1758Mon - Sun,$1138–$1758Mon - Sun,Qian Xi Summer Garden,,,,90,10,10 - 90Mon - Sun
$3093–$3453Mon - Fri$3573–$3933Sat - Sun,$3093–$3453Mon - Sun,Raffles Hotel,,,,30,8,8 - 30Mon - Sun
$2264–$2863Mon - Sun,$2264–$2863Mon - Sun,Red House Seafood,,,,14,1,1 - 14Mon - Sun
$1605++Mon - Thu$1725++Friday$1795++Saturday$1725++Sunday,$1605++Mon - Sun,Rendezvous Hotel Singapore at Bras Basah,,,,15,10,10 - 15Mon - Sun
$2264–$2504Mon - Thu$2384–$2504Thu - Sat$2264–$2504Sunday,$2264–$2384Mon - Sun,"Resorts World Sentosa, Convention Centre",,,,196,15,15 - 196Mon - Sun
$2362 - $3075Mon - Sun,$2005 - $2362Mon - Sun,Shangri-La Hotel,,,,100,6,6 - 100Mon - Sun
$651-$950Mon - Fri$683-$1004Sat - Sun,$651-$651Mon - Fri$683-$683Sat - Sun,Shin Yeh,,,,36,24,24 - 36Mon - Thu26 - 36Fri - Sun
$2374++Mon - Sun,$2374++Mon - Sun,Shisen Hanten,,,,12,10,10 - 12Mon - Sun
$1894–$2374Mon - Thu$2014–$2494Fri - Sun,$1775–$2254Mon - Thu$$1894–$2374Fri - Sun,Sky Garden Sentosa,,,,16,10,10 - 16Mon - Sun
$1065–$1664Mon - Sun,$1065–$1664Mon - Sun,Spring Court,,,,18,12,12 - 18Mon - Sun
$1045-$1045Mon - Thu$1563-$1563Friday$1681-$1681Saturday$1563-$1563Sunday,$1281-$1281Mon - Sun,Swissôtel Merchant Court Singapore,,,,50,30,30 - 50Mon - Thu35 - 50Fri - Sun
$808-$808Mon - Thu$938-$1058Fri - Sun,$808-$808Mon - Thu$808-$1058Fri - Sun,THE CHEVRONS,,,,70,15,15 - 70Mon - Sun
$1604++Mon - Sun,$1484++Mon - Sun,The Chevrons @ Jurong East,,,,40,12,12 - 40Mon - Sun
$3933++Mon - Sun,$3933++Mon - Sun,The Clifford Pier @ The Fullerton Bay Hotel,,,,28,15,15 - 28Mon - Sun
$2854++Mon - Thu$2974++Friday$3093++Saturday$2974Sunday,$2854++Mon - Sun,The Fullerton Hotel Singapore,,,,48,10,10 - 48Mon - Sun
$2180++Mon - Fri$2599++Sat - Sun,$2180++Mon - Fri$2599++Sat - Sun,The Outpost Hotel Sentosa,,,,16,12,12 - 16Mon - Sun
$2854–$3573Mon - Sun,$2494–$2734Mon - Sun,"The Ritz Carlton, Millenia Singapore",,,,90,10,10 - 90Mon - Sun
$3453++Mon - Sun,$3093++Mon - Sun,The Singapore EDITION,,,,34,3,3 - 34Mon - Sun
$1131–$1177Mon - Sun,$1131–$1177Mon - Sun,The Singapore Island Country Club,,,,45,3,3 - 45Mon - Sun
$2623–$3463Mon - Fri$2863–$3463Saturday,$$2623–$2863Sat - Sun,The St. Regis Singapore,,,,42,12,12 - 42Mon - Sun
$628Mon - Sun,$628Mon - Sun,Tim Palace,,,,80,15,15 - 80Mon - Sun
$1153-$1389Mon - Sun,$1153-$1389Mon - Sun,Tung Lok Heen,,,,14,8,8 - 14Mon - Sun
$629-$950Mon - Sun,$629-$950Mon - Sun,Tung Lok Seafood (Orchard Central),,,,18,15,15 - 18Mon - Sun
$629-$843Mon - Sun,$629-$843Mon - Sun,Tung Lok Seafood (Upper Jurong),,,,40,15,15 - 40Mon - Sun
$950-$1089Mon - Fri$950-$1175Sat - Sun,$950-$1089Mon - Fri$950-$1175Sat - Sun,Tung Lok Signatures (Orchard Parade),,,,30,20,20 - 30Mon - Fri25 - 30Sat - Sun
$927-$1045Mon - Sun,$927-$1045Mon - Sun,Tung Lok Signatures (The Central),,,,20,17,17 - 20Mon - Sun
"$688, 888Mon - Sun",$498Mon - Sun,Tung Lok Signatures (Vivo),,,,13,2,2 - 13Mon - Sun
$1055–$2014Mon - Fri$1175–$2134Sat - Sun,$1055–$2014Mon - Sun,TungLok Seafood (Park Regis Singapore),,,,16,14,14 - 16Mon - Sun
$859–$1295Mon - Sun,$859–$1295Mon - Sun,TungLok Seafood (PLQ Mall),,,,18,15,15 - 18Mon - Sun
$825–$1664Mon - Sun,$825–$1664Mon - Sun,TungLok Seafood (Upper Jurong),,,,29,24,24 - 29Mon - Sun
$1077–$1317Mon - Sun,$1077–$1317Mon - Sun,TungLok Signatures (The Central),,,,19,16,16 - 19Mon - Thu16 - 20Friday16 - 19Sat - Sun
$1415–$1622Mon - Fri$1469–$1676Sat - Sun,$1415–$1622Mon - Sun,"TungLok Signatures, Antica Ballroom @ Orchard Rendezvous Hotel*",,,,25,15,15 - 25Mon - Fri18 - 25Sat - Sun
$1398-$1634Mon - Sun,$1398-$1634Mon - Sun,YÀN 宴,,,,15,8,8 - 15Mon - Sun
